id,item,building_one_area,building_two_area,building_three_area
750,010020,RAW,WHSE,NULL
398,010022,PHOSPHATE,NULL,NULL
751,010050,RAW,NULL,NULL
399,010052,PHOSPHATE,NULL,NULL
752,010060,RAW,WHSE,NULL
400,010062,PHOSPHATE,WHSE,NULL
753,010250,RAW,NULL,NULL
172,010251,CMET,CMET,NULL
401,010252,PHOSPHATE,NULL,NULL
754,010260,RAW,NULL,NULL
402,010262,PHOSPHATE,NULL,NULL
756,010290,RAW,NULL,NULL
173,010291,CMET,CMET,NULL
404,010292,PHOSPHATE,NULL,NULL
755,010390,RAW,NULL,NULL
356,010391,EXPANSION,CMET,NULL
403,010392,PHOSPHATE,CMET,NULL
174,010431,CMET,NULL,NULL
757,010440,RAW,NULL,NULL
405,010442,PHOSPHATE,NULL,NULL
758,010460,RAW,NULL,NULL
406,010462,PHOSPHATE,NULL,NULL
759,010570,RAW,NULL,NULL
407,010572,PHOSPHATE,NULL,NULL
760,010610,RAW,NULL,NULL
408,010612,PHOSPHATE,NULL,NULL
761,010630,RAW,NULL,NULL
409,010632,PHOSPHATE,NULL,NULL
762,010680,RAW,NULL,NULL
410,010682,PHOSPHATE,NULL,NULL
763,010700,RAW,NULL,NULL
411,010702,PHOSPHATE,NULL,NULL
764,010770,RAW,NULL,NULL
412,010772,PHOSPHATE,NULL,NULL
765,010780,RAW,NULL,NULL
3732,010781,CMET,CMET,NULL
413,010782,PHOSPHATE,NULL,NULL
766,010790,RAW,NULL,NULL
414,010792,PHOSPHATE,NULL,NULL
767,010800,RAW,NULL,NULL
415,010802,PHOSPHATE,NULL,NULL
768,010840,RAW,NULL,NULL
416,010842,PHOSPHATE,NULL,NULL
769,010870,RAW,NULL,NULL
417,010872,PHOSPHATE,NULL,NULL
2568,010890,RAW,NULL,NULL
175,010911,CMET,CMET,NULL
770,010930,RAW,NULL,NULL
176,010931,CMET,CMET,NULL
418,010932,PHOSPHATE,NULL,NULL
771,010940,RAW,NULL,NULL
419,010942,PHOSPHATE,NULL,NULL
772,010950,RAW,NULL,NULL
420,010952,PHOSPHATE,NULL,NULL
773,010970,RAW,NULL,NULL
421,010972,PHOSPHATE,NULL,NULL
774,010980,RAW,NULL,NULL
422,010982,PHOSPHATE,NULL,NULL
775,011000,RAW,NULL,NULL
423,011002,PHOSPHATE,NULL,NULL
776,011010,RAW,NULL,NULL
424,011012,PHOSPHATE,NULL,NULL
777,011020,RAW,NULL,NULL
177,011021,CMET,CMET,NULL
425,011022,PHOSPHATE,NULL,NULL
778,011050,RAW,NULL,NULL
426,011052,PHOSPHATE,NULL,NULL
179,011081,CMET,CMET,NULL
779,011110,RAW,NULL,NULL
427,011112,PHOSPHATE,NULL,NULL
780,011140,RAW,NULL,NULL
428,011142,PHOSPHATE,NULL,NULL
781,011150,RAW,NULL,NULL
429,011152,PHOSPHATE,NULL,NULL
782,011160,RAW,NULL,NULL
430,011162,PHOSPHATE,NULL,NULL
783,011180,RAW,NULL,NULL
431,011182,PHOSPHATE,NULL,NULL
180,011191,CMET,CMET,NULL
784,011200,RAW,NULL,NULL
432,011202,PHOSPHATE,NULL,NULL
785,011210,RAW,NULL,NULL
181,011211,CMET,CMET,NULL
433,011212,PHOSPHATE,NULL,NULL
786,011220,RAW,NULL,NULL
182,011221,CMET,CMET,NULL
434,011222,PHOSPHATE,NULL,NULL
787,011230,RAW,NULL,NULL
183,011231,CMET,CMET,NULL
435,011232,PHOSPHATE,NULL,NULL
788,011250,RAW,NULL,NULL
436,011252,PHOSPHATE,NULL,NULL
789,011260,RAW,NULL,NULL
437,011262,PHOSPHATE,NULL,NULL
790,011270,RAW,WHSE,NULL
438,011272,PHOSPHATE,NULL,NULL
791,011290,RAW,NULL,NULL
439,011292,PHOSPHATE,NULL,NULL
792,011300,RAW,NULL,NULL
440,011302,PHOSPHATE,NULL,NULL
793,011310,RAW,NULL,NULL
441,011312,PHOSPHATE,NULL,NULL
795,011330,RAW,NULL,NULL
443,011332,PHOSPHATE,NULL,NULL
798,011350,RAW,NULL,NULL
2625,011351,CMET,NULL,NULL
446,011352,PHOSPHATE,NULL,NULL
794,011360,RAW,NULL,NULL
360,011361,EXPANSION,CMET,NULL
442,011362,PHOSPHATE,NULL,NULL
796,011370,RAW,NULL,NULL
184,011371,CMET,CMET,NULL
444,011372,PHOSPHATE,NULL,NULL
185,011391,CMET,CMET,NULL
797,011410,RAW,NULL,DEF
186,011411,CMET,CMET,NULL
445,011412,RAW,NULL,NULL
187,011421,CMET,CMET,NULL
188,011431,CMET,CMET,NULL
799,011440,RAW,NULL,DEF
189,011441,CMET,CMET,NULL
447,011442,PHOSPHATE,NULL,NULL
2942,011450,RAW,NULL,DEF
190,011451,CMET,CMET,NULL
3101,011460,TUBE,NULL,NULL
191,011461,CMET,CMET,NULL
3100,011467,ALUMINUM,NULL,NULL
3858,011471,CMET,NULL,NULL
3859,011471,CMET,NULL,NULL
4025,011472,ALUMINUM,NULL,NULL
3102,011510,TUBE,NULL,NULL
192,011511,CMET,CMET,NULL
3103,011517,ALUMINUM,NULL,NULL
3861,011531,CMET,NULL,NULL
800,011630,RAW,NULL,NULL
193,011631,CMET,CMET,NULL
448,011632,PHOSPHATE,NULL,NULL
801,011640,RAW,NULL,NULL
194,011641,CMET,CMET,NULL
449,011642,PHOSPHATE,NULL,NULL
804,011680,TUBE,NULL,NULL
2980,011681,CMET,CMET,NULL
452,011682,PHOSPHATE,NULL,NULL
3104,011687,ALUMINUM,NULL,NULL
805,011720,RAW,NULL,NULL
453,011722,PHOSPHATE,NULL,NULL
806,011740,RAW,WHSE,NULL
454,011742,PHOSPHATE,NULL,NULL
807,011750,RAW,NULL,NULL
455,011752,PHOSPHATE,NULL,NULL
808,011800,RAW,NULL,NULL
195,011801,CMET,CMET,NULL
456,011802,PHOSPHATE,NULL,NULL
809,011810,RAW,NULL,NULL
457,011812,PHOSPHATE,NULL,NULL
810,011850,RAW,NULL,NULL
458,011852,PHOSPHATE,NULL,NULL
811,011860,RAW,NULL,DEF
459,011862,PHOSPHATE,NULL,NULL
812,011880,RAW,NULL,NULL
196,011881,CMET,CMET,NULL
460,011882,PHOSPHATE,NULL,NULL
813,011890,RAW,NULL,NULL
197,011891,CMET,CMET,NULL
461,011892,PHOSPHATE,NULL,NULL
814,011900,RAW,NULL,NULL
198,011901,CMET,CMET,NULL
462,011902,PHOSPHATE,NULL,NULL
815,011910,RAW,NULL,NULL
463,011912,PHOSPHATE,NULL,NULL
816,011920,RAW,NULL,NULL
199,011921,CMET,CMET,NULL
464,011922,PHOSPHATE,NULL,NULL
817,011930,RAW,NULL,NULL
465,011932,PHOSPHATE,NULL,NULL
200,011941,CMET,CMET,NULL
818,011950,RAW,NULL,NULL
466,011952,PHOSPHATE,NULL,NULL
819,011960,RAW,NULL,NULL
467,011962,PHOSPHATE,NULL,NULL
820,011980,RAW,NULL,NULL
468,011982,PHOSPHATE,NULL,NULL
821,011990,RAW,NULL,NULL
201,011991,CMET,CMET,NULL
469,011992,PHOSPHATE,NULL,NULL
822,012000,RAW,NULL,NULL
202,012001,CMET,CMET,NULL
470,012002,PHOSPHATE,NULL,NULL
823,012010,RAW,NULL,NULL
471,012012,PHOSPHATE,NULL,NULL
824,012020,RAW,NULL,NULL
472,012022,PHOSPHATE,NULL,NULL
825,012030,RAW,NULL,NULL
364,012031,EXPANSION,CMET,NULL
473,012032,PHOSPHATE,NULL,NULL
826,012040,RAW,NULL,NULL
365,012041,CMET,CMET,NULL
474,012042,PHOSPHATE,NULL,NULL
827,012050,RAW,NULL,NULL
475,012052,PHOSPHATE,NULL,NULL
828,012060,RAW,WHSE,NULL
203,012061,CMET,CMET,NULL
476,012062,PHOSPHATE,NULL,NULL
829,012070,RAW,NULL,NULL
204,012071,CMET,CMET,NULL
477,012072,PHOSPHATE,NULL,NULL
830,012080,RAW,NULL,NULL
205,012081,CMET,CMET,NULL
478,012082,PHOSPHATE,NULL,NULL
831,012100,RAW,NULL,NULL
479,012102,PHOSPHATE,NULL,NULL
206,012131,CMET,CMET,NULL
832,012140,RAW,NULL,NULL
207,012141,CMET,CMET,NULL
480,012142,PHOSPHATE,NULL,NULL
2558,012210,RAW,NULL,NULL
3151,012212,PHOSPHATE,NULL,NULL
3076,012221,CMET,NULL,NULL
3081,012222,ALUMINUM,NULL,NULL
3077,012230,TUBE,NULL,NULL
3078,012231,CMET,NULL,NULL
3094,012237,ALUMINUM,NULL,NULL
3065,012241,CMET,CMET,NULL
3083,012242,ALUMINUM,NULL,NULL
208,012391,CMET,CMET,NULL
833,012790,RAW,NULL,NULL
350,012791,CMET,CMET,NULL
481,012792,PHOSPHATE,NULL,NULL
834,012860,RAW,NULL,NULL
210,012861,CMET,CMET,NULL
482,012862,PHOSPHATE,NULL,NULL
209,012891,CMET,CMET,NULL
211,013861,CMET,CMET,NULL
835,013870,RAW,NULL,NULL
212,013871,CMET,CMET,NULL
483,013872,PHOSPHATE,NULL,NULL
836,014840,RAW,NULL,NULL
213,014841,CMET,CMET,NULL
484,014842,PHOSPHATE,NULL,NULL
214,015391,CMET,CMET,NULL
3890,016110,RAW,NULL,NULL
3891,016111,CMET,NULL,NULL
3892,016130,RAW,NULL,NULL
3893,016131,CMET,NULL,NULL
841,016380,RAW,NULL,DEF
215,016381,CMET,CMET,NULL
489,016382,PHOSPHATE,NULL,NULL
3894,016430,RAW,NULL,NULL
3895,016431,CMET,NULL,NULL
802,016440,RAW,NULL,NULL
450,016442,CMET,NULL,NULL
839,016450,RAW,WHSE,NULL
217,016451,CMET,CMET,NULL
487,016452,PHOSPHATE,NULL,NULL
840,016470,RAW,NULL,NULL
218,016471,EXPANSION,CMET,NULL
488,016472,PHOSPHATE,NULL,NULL
219,016481,CMET,CMET,NULL
803,016490,RAW,NULL,NULL
220,016491,CMET,CMET,NULL
451,016492,PHOSPHATE,NULL,NULL
2563,016500,RAW,NULL,NULL
221,016501,CMET,NULL,NULL
222,016571,CMET,CMET,NULL
223,016581,CMET,CMET,NULL
368,016591,CMET,CMET,NULL
3158,016601,CMET,NULL,NULL
3880,016740,RAW,NULL,NULL
3124,016741,CMET,CMET,NULL
2977,016810,RAW,NULL,NULL
688,016811,CMET,NULL,NULL
3414,016812,BL,NULL,NULL
2971,016820,RAW,NULL,DEF
689,016821,CMET,NULL,NULL
690,016831,CMET,NULL,NULL
3150,016832,PHOSPHATE,NULL,NULL
2561,016870,RAW,NULL,NULL
224,016871,CMET,CMET,NULL
2553,018200,CMET,NULL,NULL
743,018201,EXPANSION,CMET,NULL
2552,018202,ALUMINUM,NULL,NULL
3883,018440,RAW,NULL,NULL
3884,018441,CMET,NULL,NULL
842,018760,RAW,NULL,DEF
693,018761,CMET,NULL,NULL
490,018762,PHOSPHATE,NULL,NULL
711,028760,SFLOW-20,NULL,DEF
843,087440,ALUMINUM,NULL,NULL
491,087442,PHOSPHATE,NULL,NULL
3983,087447,A-FLOW,NULL,NULL
844,090650,RAW,NULL,NULL
492,090652,PHOSPHATE,NULL,NULL
845,093310,RAW,NULL,NULL
493,093312,PHOSPHATE,NULL,NULL
846,094480,RAW,NULL,NULL
494,094482,PHOSPHATE,NULL,NULL
225,099281,CMET,CMET,NULL
847,099300,RAW,NULL,NULL
226,099301,CMET,CMET,NULL
495,099302,PHOSPHATE,NULL,NULL
848,099310,RAW,NULL,NULL
389,099311,CMET,CMET,NULL
496,099312,ALUMINUM,NULL,NULL
227,099331,CMET,CMET,NULL
849,100030,RAW,NULL,NULL
497,100032,PHOSPHATE,NULL,NULL
850,100340,RAW,NULL,DEF
372,100341,EXPANSION,CMET,NULL
498,100342,PHOSPHATE,NULL,NULL
851,100350,RAW,NULL,DEF
228,100351,CMET,CMET,NULL
499,100352,PHOSPHATE,NULL,NULL
229,100521,CMET,CMET,NULL
852,100540,RAW,NULL,NULL
500,100542,PHOSPHATE,NULL,NULL
853,100550,RAW,NULL,NULL
501,100552,PHOSPHATE,NULL,NULL
854,100700,RAW,NULL,NULL
502,100702,PHOSPHATE,NULL,NULL
855,100840,RAW,NULL,NULL
503,100842,PHOSPHATE,NULL,NULL
856,100850,RAW,NULL,NULL
504,100852,PHOSPHATE,NULL,NULL
857,100880,RAW,NULL,NULL
505,100882,PHOSPHATE,NULL,NULL
858,100920,RAW,NULL,NULL
506,100922,PHOSPHATE,NULL,NULL
859,100970,RAW,NULL,NULL
507,100972,PHOSPHATE,NULL,NULL
860,100980,RAW,NULL,NULL
508,100982,PHOSPHATE,NULL,NULL
861,101030,RAW,NULL,NULL
509,101032,PHOSPHATE,NULL,NULL
862,101120,RAW,NULL,NULL
230,101121,CMET,CMET,NULL
510,101122,PHOSPHATE,NULL,NULL
863,101130,RAW,NULL,NULL
231,101131,CMET,CMET,NULL
511,101132,PHOSPHATE,NULL,NULL
864,101140,RAW,NULL,NULL
1661,101141,CMET,CMET,NULL
512,101142,PHOSPHATE,NULL,NULL
865,101180,RAW,NULL,NULL
513,101182,PHOSPHATE,NULL,NULL
866,101190,RAW,NULL,NULL
514,101192,PHOSPHATE,NULL,NULL
867,101200,RAW,NULL,NULL
515,101202,PHOSPHATE,NULL,NULL
232,101211,CMET,CMET,NULL
868,101230,RAW,NULL,NULL
516,101232,PHOSPHATE,NULL,NULL
869,101240,RAW,NULL,NULL
517,101242,PHOSPHATE,NULL,NULL
870,101270,RAW,NULL,NULL
518,101272,PHOSPHATE,NULL,NULL
871,101280,RAW,NULL,NULL
519,101282,PHOSPHATE,NULL,NULL
872,101290,RAW,NULL,NULL
233,101291,CMET,CMET,NULL
520,101292,PHOSPHATE,NULL,NULL
873,101300,RAW,NULL,NULL
234,101301,CMET,CMET,NULL
521,101302,PHOSPHATE,NULL,NULL
874,101310,RAW,NULL,NULL
235,101311,CMET,CMET,NULL
522,101312,PHOSPHATE,NULL,NULL
875,101320,RAW,NULL,NULL
236,101321,CMET,CMET,NULL
523,101322,PHOSPHATE,NULL,NULL
876,101330,RAW,NULL,NULL
524,101332,PHOSPHATE,NULL,NULL
877,101350,RAW,NULL,NULL
3735,101351,CMET,CMET,NULL
525,101352,PHOSPHATE,NULL,NULL
878,101360,RAW,NULL,NULL
526,101362,PHOSPHATE,NULL,NULL
879,101400,RAW,NULL,NULL
527,101402,PHOSPHATE,NULL,NULL
880,101410,RAW,NULL,NULL
528,101412,PHOSPHATE,NULL,NULL
881,101420,RAW,NULL,NULL
529,101422,PHOSPHATE,NULL,NULL
882,101440,RAW,NULL,NULL
530,101442,PHOSPHATE,NULL,NULL
883,101450,RAW,NULL,NULL
531,101452,PHOSPHATE,NULL,NULL
884,101480,RAW,NULL,NULL
532,101482,PHOSPHATE,NULL,NULL
237,101531,CMET,CMET,NULL
885,101540,RAW,NULL,NULL
533,101542,PHOSPHATE,NULL,NULL
886,101550,RAW,NULL,NULL
238,101551,CMET,CMET,NULL
534,101552,PHOSPHATE,NULL,NULL
887,101560,RAW,NULL,NULL
535,101562,PHOSPHATE,NULL,NULL
888,101570,RAW,NULL,NULL
239,101571,CMET,CMET,NULL
536,101572,PHOSPHATE,NULL,NULL
240,101581,CMET,CMET,NULL
241,101591,CMET,CMET,NULL
889,101600,RAW,NULL,NULL
537,101602,PHOSPHATE,NULL,NULL
890,101610,RAW,NULL,NULL
376,101611,EXPANSION,CMET,NULL
538,101612,PHOSPHATE,NULL,NULL
891,101620,RAW,NULL,NULL
242,101621,CMET,CMET,NULL
539,101622,PHOSPHATE,NULL,NULL
892,101630,RAW,NULL,NULL
540,101632,PHOSPHATE,NULL,NULL
893,101640,RAW,NULL,NULL
243,101641,CMET,CMET,NULL
541,101642,PHOSPHATE,NULL,NULL
894,101650,RAW,NULL,NULL
244,101651,CMET,CMET,NULL
542,101652,PHOSPHATE,NULL,NULL
895,101660,RAW,NULL,NULL
543,101662,PHOSPHATE,NULL,NULL
245,101671,CMET,CMET,NULL
896,101680,RAW,NULL,NULL
246,101681,CMET,CMET,NULL
544,101682,PHOSPHATE,NULL,NULL
247,101701,CMET,CMET,NULL
897,101720,RAW,NULL,NULL
545,101722,PHOSPHATE,NULL,NULL
248,101731,CMET,CMET,NULL
898,101740,RAW,NULL,NULL
546,101742,PHOSPHATE,NULL,NULL
899,101750,RAW,NULL,NULL
547,101752,PHOSPHATE,NULL,NULL
249,101761,CMET,CMET,NULL
900,101780,RAW,NULL,NULL
250,101781,CMET,CMET,NULL
548,101782,PHOSPHATE,NULL,NULL
2946,101810,RAW,NULL,DEF
251,101811,CMET,CMET,NULL
2965,101820,RAW,NULL,DEF
252,101821,CMET,CMET,NULL
901,101830,RAW,NULL,NULL
3136,101831,CMET,NULL,NULL
549,101832,PHOSPHATE,NULL,NULL
902,101840,RAW,NULL,NULL
254,101841,CMET,CMET,NULL
550,101842,PHOSPHATE,NULL,NULL
2951,101850,RAW,NULL,DEF
255,101851,CMET,CMET,NULL
256,101861,CMET,CMET,NULL
903,101930,RAW,NULL,NULL
551,101932,PHOSPHATE,NULL,NULL
257,101941,CMET,CMET,NULL
904,101980,RAW,NULL,NULL
258,101981,CMET,CMET,NULL
552,101982,PHOSPHATE,NULL,NULL
905,101990,RAW,NULL,NULL
553,101992,PHOSPHATE,NULL,NULL
906,102010,RAW,NULL,NULL
259,102011,CMET,CMET,NULL
554,102012,PHOSPHATE,NULL,NULL
907,102040,RAW,NULL,NULL
260,102041,CMET,CMET,NULL
555,102042,PHOSPHATE,NULL,NULL
908,102070,RAW,NULL,NULL
556,102072,PHOSPHATE,NULL,NULL
909,102080,RAW,NULL,NULL
261,102081,CMET,CMET,NULL
557,102082,PHOSPHATE,NULL,NULL
910,102090,RAW,NULL,NULL
262,102091,CMET,CMET,NULL
558,102092,PHOSPHATE,NULL,NULL
911,102110,RAW,WHSE,NULL
559,102112,PHOSPHATE,NULL,NULL
912,102140,RAW,NULL,NULL
560,102142,PHOSPHATE,NULL,NULL
913,102160,RAW,NULL,NULL
561,102162,PHOSPHATE,NULL,NULL
915,102170,RAW,NULL,NULL
563,102172,PHOSPHATE,NULL,NULL
914,102180,RAW,NULL,NULL
562,102182,PHOSPHATE,NULL,NULL
916,102220,RAW,NULL,NULL
263,102221,CMET,CMET,NULL
564,102222,PHOSPHATE,NULL,NULL
917,102230,RAW,NULL,NULL
565,102232,PHOSPHATE,NULL,NULL
918,102240,RAW,NULL,NULL
379,102241,CMET,NULL,NULL
566,102242,PHOSPHATE,NULL,NULL
919,102250,RAW,NULL,NULL
567,102252,PHOSPHATE,NULL,NULL
920,102260,RAW,NULL,NULL
381,102261,EXPANSION,CMET,NULL
568,102262,PHOSPHATE,NULL,NULL
921,102270,RAW,NULL,NULL
569,102272,PHOSPHATE,NULL,NULL
922,102280,RAW,NULL,NULL
570,102282,PHOSPHATE,NULL,NULL
923,102290,RAW,NULL,NULL
571,102292,PHOSPHATE,NULL,NULL
924,102300,RAW,NULL,NULL
572,102302,PHOSPHATE,NULL,NULL
925,102310,RAW,NULL,NULL
264,102311,CMET,CMET,NULL
573,102312,PHOSPHATE,NULL,NULL
926,102320,RAW,NULL,NULL
351,102321,CMET,CMET,NULL
574,102322,PHOSPHATE,NULL,NULL
927,102330,RAW,NULL,NULL
575,102332,PHOSPHATE,NULL,NULL
928,102340,RAW,NULL,NULL
576,102342,PHOSPHATE,NULL,NULL
929,102350,RAW,NULL,NULL
577,102352,PHOSPHATE,NULL,NULL
930,102370,RAW,NULL,NULL
265,102371,CMET,CMET,NULL
578,102372,PHOSPHATE,NULL,NULL
931,102380,RAW,NULL,NULL
266,102381,CMET,CMET,NULL
579,102382,PHOSPHATE,NULL,NULL
267,102391,CMET,CMET,NULL
932,102410,RAW,NULL,NULL
268,102411,CMET,CMET,NULL
580,102412,PHOSPHATE,NULL,NULL
933,102420,RAW,NULL,NULL
269,102421,CMET,CMET,NULL
581,102422,PHOSPHATE,NULL,NULL
934,102430,RAW,NULL,NULL
270,102431,CMET,CMET,NULL
582,102432,PHOSPHATE,NULL,NULL
935,102440,RAW,NULL,NULL
271,102441,CMET,CMET,NULL
583,102442,PHOSPHATE,NULL,NULL
936,102450,RAW,NULL,NULL
272,102451,CMET,CMET,NULL
584,102452,PHOSPHATE,NULL,NULL
937,102460,RAW,NULL,NULL
2618,102461,CMET,CMET,NULL
585,102462,PHOSPHATE,NULL,NULL
938,102470,RAW,NULL,NULL
586,102472,PHOSPHATE,NULL,NULL
941,102480,RAW,NULL,NULL
589,102482,PHOSPHATE,NULL,NULL
273,102511,CMET,CMET,NULL
939,102520,RAW,WHSE,NULL
274,102521,CMET,CMET,NULL
587,102522,PHOSPHATE,NULL,NULL
940,102540,RAW,NULL,NULL
275,102541,CMET,CMET,NULL
588,102542,PHOSPHATE,NULL,NULL
942,102550,RAW,NULL,NULL
590,102552,PHOSPHATE,NULL,NULL
943,102560,RAW,NULL,NULL
591,102562,PHOSPHATE,NULL,NULL
946,102570,RAW,NULL,NULL
594,102572,PHOSPHATE,NULL,NULL
3917,102580,RAW,NULL,NULL
276,102581,CMET,CMET,NULL
277,102591,CMET,CMET,NULL
944,102600,RAW,NULL,DEF
278,102601,CMET,CMET,NULL
592,102602,PHOSPHATE,NULL,NULL
945,102620,RAW,NULL,DEF
279,102621,CMET,CMET,NULL
593,102622,PHOSPHATE,NULL,NULL
947,102790,RAW,NULL,NULL
280,102791,CMET,CMET,NULL
595,102792,PHOSPHATE,NULL,NULL
948,102800,RAW,NULL,NULL
596,102802,PHOSPHATE,NULL,NULL
949,102810,RAW,NULL,NULL
597,102812,PHOSPHATE,NULL,NULL
950,102820,RAW,NULL,DEF
598,102822,PHOSPHATE,NULL,NULL
281,102921,CMET,CMET,NULL
3074,103020,RAW,NULL,NULL
3063,103021,CMET,CMET,NULL
3093,103022,PHOSPHATE,NULL,NULL
951,103360,RAW,NULL,NULL
285,103361,EXPANSION,CMET,NULL
599,103362,PHOSPHATE,NULL,NULL
286,103871,CMET,CMET,NULL
287,104841,CMET,CMET,NULL
952,105390,TUBE,NULL,DEF
288,105391,CMET,CMET,NULL
600,105392,PHOSPHATE,NULL,NULL
3105,105397,ALUMINUM,NULL,NULL
289,106381,CMET,CMET,NULL
601,106382,A-FLOW,NULL,NULL
3106,106387,ALUMINUM,NULL,NULL
954,106390,TUBE,NULL,DEF
290,106391,CMET,CMET,NULL
602,106392,A-FLOW,NULL,NULL
3107,106397,ALUMINUM,NULL,NULL
955,106450,TUBE,NULL,DEF
352,106451,CMET,CMET,NULL
603,106452,A-FLOW,NULL,NULL
3108,106457,ALUMINUM,NULL,NULL
956,106460,TUBE,NULL,DEF
292,106461,CMET,CMET,NULL
604,106462,A-FLOW,NULL,NULL
2612,106467,ALUMINUM,NULL,NULL
293,106491,CMET,CMET,NULL
294,106571,CMET,CMET,NULL
957,106590,TUBE,NULL,DEF
388,106591,EXPANSION,CMET,NULL
605,106592,PHOSPHATE,NULL,NULL
3109,106597,ALUMINUM,NULL,NULL
3122,106740,RAW,NULL,NULL
3064,106741,CMET,CMET,NULL
3123,106742,PHOSPHATE,NULL,NULL
295,106751,CMET,CMET,NULL
4096,106752,PHOSPHATE,NULL,NULL
685,106811,CMET,CMET,NULL
686,106821,CMET,NULL,NULL
687,106831,CMET,NULL,NULL
3085,106850,RAW,NULL,NULL
3086,106851,CMET,NULL,NULL
3087,106852,PHOSPHATE,NULL,NULL
958,106870,TUBE,NULL,DEF
296,106871,CMET,CMET,NULL
606,106872,PHOSPHATE,NULL,NULL
3110,106877,ALUMINUM,NULL,NULL
959,106880,TUBE,NULL,DEF
297,106881,CMET,CMET,NULL
607,106882,PHOSPHATE,NULL,NULL
3111,106887,ALUMINUM,NULL,NULL
2934,106920,TUBE,NULL,NULL
2935,106927,ALUMINUM,NULL,NULL
960,108200,TUBE,NULL,DEF
744,108201,EXPANSION,CMET,NULL
608,108202,PHOSPHATE,NULL,NULL
2551,108207,ALUMINUM,NULL,NULL
3886,108440,RAW,NULL,NULL
3885,108441,CMET,NULL,NULL
961,108760,TUBE,NULL,NULL
692,108761,CMET,CMET,NULL
609,108762,PHOSPHATE,NULL,NULL
3112,108767,ALUMINUM,NULL,NULL
962,109500,TUBE,NULL,NULL
696,109501,EXPANSION,CMET,NULL
610,109502,PHOSPHATE,NULL,NULL
3113,109507,ALUMINUM,NULL,NULL
963,109510,TUBE,NULL,NULL
697,109511,EXPANSION,CMET,NULL
611,109512,PHOSPHATE,NULL,NULL
3114,109517,ALUMINUM,NULL,NULL
964,190770,RAW,NULL,NULL
612,190772,PHOSPHATE,NULL,NULL
966,193300,RAW,NULL,NULL
614,193302,PHOSPHATE,NULL,NULL
2566,199791,CMET,CMET,NULL
967,199810,RAW,NULL,NULL
299,199811,CMET,CMET,NULL
615,199812,PHOSPHATE,NULL,NULL
968,199830,RAW,NULL,NULL
616,199832,PHOSPHATE,NULL,NULL
969,199850,RAW,NULL,NULL
617,199852,PHOSPHATE,NULL,NULL
7,204002,COMP,COMP,NULL
8,204004,COMP,COMP,NULL
9,204009,COMP,COMP,NULL
10,204010,COMP,COMP,NULL
11,204011,COMP,COMP,NULL
12,204015,COMP,COMP,NULL
13,204016,COMP,COMP,NULL
14,204020,COMP,COMP,NULL
15,205001,COMP,COMP,NULL
16,205006,COMP,COMP,NULL
17,205007,COMP,COMP,NULL
18,205008,COMP,COMP,NULL
19,205009,COMP,COMP,NULL
20,205010,COMP,COMP,NULL
21,205011,COMP,COMP,NULL
22,205012,COMP,COMP,NULL
23,205014,COMP,COMP,NULL
24,205016,COMP,COMP,NULL
25,205018,COMP,COMP,NULL
26,205020,COMP,COMP,NULL
27,205022,COMP,COMP,NULL
28,205024,COMP,COMP,NULL
29,205025,COMP,COMP,NULL
30,205029,COMP,COMP,NULL
31,205032,COMP,COMP,NULL
32,205033,COMP,COMP,NULL
33,205034,COMP,COMP,NULL
34,205035,COMP,COMP,NULL
35,205036,COMP,COMP,NULL
36,205037,COMP,COMP,NULL
37,205038,COMP,COMP,NULL
38,205039,COMP,COMP,NULL
39,205042,COMP,COMP,NULL
40,205044,COMP,COMP,NULL
41,205046,COMP,COMP,NULL
42,205047,COMP,COMP,NULL
43,205048,COMP,COMP,NULL
44,205049,COMP,COMP,NULL
45,205050,COMP,COMP,NULL
46,205056,COMP,COMP,NULL
47,205060,COMP,COMP,NULL
48,205061,COMP,COMP,NULL
49,205062,COMP,COMP,NULL
50,205065,COMP,COMP,NULL
51,205066,COMP,COMP,NULL
52,205067,COMP,COMP,NULL
53,205069,COMP,COMP,NULL
54,205070,EXPANSION,COMP,NULL
55,205071,COMP,COMP,NULL
56,205074,COMP,COMP,NULL
57,205075,COMP,COMP,NULL
58,205076,COMP,COMP,NULL
59,205077,COMP,COMP,NULL
60,205078,COMP,COMP,NULL
61,205079,COMP,COMP,NULL
62,205080,COMP,COMP,NULL
63,205082,COMP,COMP,NULL
64,205083,COMP,COMP,NULL
65,205084,COMP,COMP,NULL
66,205085,COMP,COMP,NULL
67,205086,COMP,COMP,NULL
68,205087,COMP,COMP,NULL
69,205088,COMP,COMP,NULL
70,205089,COMP,COMP,NULL
71,205092,COMP,COMP,NULL
72,205094,COMP,COMP,NULL
73,205099,COMP,COMP,NULL
74,205238,COMP,COMP,NULL
75,206001,COMP,COMP,NULL
76,206002,COMP,COMP,NULL
349,206006,COMP,NULL,NULL
150,206019,COMP,COMP,NULL
397,206068,COMP,NULL,NULL
149,207031,COMP,COMP,NULL
152,207035,COMP,COMP,NULL
121,207036,COMP,COMP,NULL
153,207037,COLD,NULL,NULL
146,207038,COMP,COMP,NULL
167,224010,COLD,NULL,NULL
77,284017,COMP,COMP,NULL
154,284018,COLD,NULL,NULL
160,284074,COLD,NULL,NULL
170,284100,COLD,COMP,NULL
80,284101,COMP,COMP,NULL
156,284102,COLD,NULL,NULL
157,284105,COLD,NULL,NULL
158,284107,COLD,NULL,NULL
396,284108,COMP,COMP,NULL
159,284110,COLD,NULL,NULL
129,284111,COMP,COMP,NULL
115,284112,COMP,COMP,NULL
114,284113,COMP,COMP,NULL
109,284114,COLD,NULL,NULL
342,284115,COLD,NULL,NULL
119,284116,COMP,COMP,NULL
117,285025,COMP,COMP,NULL
110,285068,COMP,COMP,NULL
2622,285069,COMP,NULL,NULL
107,285071,COMP,COMP,NULL
116,285076,COMP,COMP,NULL
337,285079,COMP,NULL,NULL
83,285083,COMP,COMP,NULL
161,285092,COLD,NULL,NULL
341,285095,COMP,NULL,NULL
348,285096,COLD,NULL,NULL
168,285100,COMP,COMP,NULL
84,285101,COMP,COMP,NULL
343,285102,COMP,NULL,NULL
679,285111,COMP,COMP,NULL
2616,285112,COMP,COMP,NULL
104,285115,COMP,COMP,NULL
390,285117,COMP,COMP,NULL
391,285118,COMP,COMP,NULL
85,285120,COMP,COMP,NULL
162,285121,COLD,NULL,NULL
86,285122,COMP,COMP,NULL
163,285127,COLD,NULL,NULL
164,285128,COLD,COMP,NULL
87,285130,COMP,COMP,NULL
131,285131,COMP,COMP,NULL
165,285132,COLD,NULL,NULL
166,285133,COLD,NULL,NULL
132,285135,COLD,COMP,NULL
171,285139,COLD,NULL,NULL
169,285140,COLD,NULL,NULL
113,285141,COMP,COMP,NULL
120,285143,COMP,COMP,NULL
100,285144,COMP,COMP,NULL
137,285145,COMP,COMP,NULL
123,285146,COMP,COMP,NULL
326,285147,COMP,COMP,NULL
143,285148,COMP,COMP,NULL
142,285149,"COLD ROOM",NULL,NULL
3117,285151,COMP,NULL,NULL
3118,285152,COMP,NULL,NULL
105,286003,COMP,COMP,NULL
125,286021,COMP,COMP,NULL
96,286022,COMP,COMP,NULL
89,286060,COMP,COMP,NULL
392,286070,COMP,COMP,NULL
145,286072,COMP,COMP,NULL
680,286101,COMP,COMP,NULL
151,286102,COMP,COMP,NULL
340,286105,COMP,NULL,NULL
746,286107,COMP,NULL,NULL
103,286109,COMP,COMP,NULL
2609,286111,COMP,COMP,NULL
329,286112,COMP,COMP,NULL
3879,286113,COMP,COMP,NULL
2610,286114,COMP,COMP,NULL
90,286116,COMP,COMP,NULL
91,286119,COMP,COMP,NULL
147,286122,COMP,NULL,NULL
144,286123,COMP,COMP,NULL
393,286126,COMP,COMP,NULL
139,286127,COMP,COMP,NULL
108,286128,COMP,COMP,NULL
97,286129,COMP,COMP,NULL
101,286130,COMP,COMP,NULL
136,286133,COMP,COMP,NULL
122,286136,COMP,COMP,NULL
135,286137,COMP,COMP,NULL
111,286139,COMP,COMP,NULL
141,286140,COMP,COMP,NULL
683,286141,COMP,NULL,NULL
130,286142,COMP,COMP,NULL
705,286143,COMP,NULL,NULL
706,286144,COMP,NULL,NULL
707,286145,COMP,NULL,NULL
3128,286146,COMP,NULL,NULL
3119,286147,COMP,NULL,NULL
3120,286148,COMP,NULL,NULL
3121,286149,COMP,NULL,NULL
3125,286150,COMP,NULL,NULL
4019,286151,COMP,NULL,NULL
4020,286152,COMP,NULL,NULL
3982,286153,COMP,NULL,NULL
4027,286154,COMP,NULL,NULL
134,28633,COMP,COMP,NULL
92,287001,COMP,COMP,NULL
3852,287006,COMP,COMP,NULL
93,287008,COMP,COMP,NULL
733,287014,COMP,COMP,NULL
333,287025,COMP,COMP,NULL
148,287032,COMP,COMP,NULL
95,287103,COMP,COMP,NULL
128,287104,COMP,COMP,NULL
335,287105,COMP,COMP,NULL
138,287107,COMP,COMP,NULL
126,287108,COMP,COMP,NULL
127,287109,COMP,COMP,NULL
3897,287111,COMP,COMP,NULL
2976,290064,COLD,NULL,NULL
3133,290153,COMP,NULL,NULL
3962,290285,COLD,NULL,NULL
106,298999,COMP,COMP,NULL
3868,299997,"CURED TRAILER",NULL,NULL
3770,299998,"PURGED TRAILER",NULL,NULL
970,300440,RAW,NULL,NULL
618,300442,PHOSPHATE,NULL,NULL
300,300631,CMET,CMET,NULL
301,300641,CMET,CMET,NULL
971,301960,RAW,NULL,NULL
619,301962,PHOSPHATE,NULL,NULL
972,301970,RAW,NULL,NULL
620,301972,PHOSPHATE,NULL,NULL
973,302100,RAW,NULL,NULL
621,302102,PHOSPHATE,NULL,NULL
974,302110,RAW,NULL,NULL
622,302112,PHOSPHATE,NULL,NULL
975,302120,RAW,NULL,NULL
623,302122,PHOSPHATE,NULL,NULL
976,302130,RAW,NULL,NULL
624,302132,PHOSPHATE,NULL,NULL
977,302320,RAW,NULL,NULL
625,302322,PHOSPHATE,NULL,NULL
978,302420,RAW,NULL,NULL
626,302422,PHOSPHATE,NULL,NULL
979,302460,RAW,NULL,NULL
627,302462,PHOSPHATE,NULL,NULL
980,302490,RAW,NULL,DEF
2841,302492,PLAS,CBS,NULL
981,302520,RAW,NULL,NULL
629,302522,PHOSPHATE,NULL,NULL
982,302660,RAW,NULL,NULL
630,302662,PHOSPHATE,NULL,NULL
983,302670,RAW,NULL,NULL
631,302672,PHOSPHATE,NULL,NULL
302,302771,CMET,CMET,NULL
303,302781,CMET,CMET,NULL
984,302790,RAW,NULL,NULL
632,302792,PHOSPHATE,NULL,NULL
985,302800,RAW,NULL,NULL
633,302802,PHOSPHATE,NULL,NULL
986,302810,RAW,NULL,NULL
304,302811,CMET,CMET,NULL
634,302812,PHOSPHATE,NULL,NULL
987,302820,RAW,NULL,NULL
305,302821,CMET,CMET,NULL
635,302822,PHOSPHATE,NULL,NULL
988,302950,RAW,NULL,NULL
306,302951,CMET,CMET,NULL
636,302952,PHOSPHATE,NULL,NULL
989,302960,RAW,NULL,NULL
307,302961,CMET,CMET,NULL
637,302962,PHOSPHATE,NULL,NULL
308,302991,CMET,CMET,NULL
2774,303140,TUBE,WHSE,NULL
990,303310,RAW,NULL,NULL
309,303311,CMET,CMET,NULL
638,303312,PHOSPHATE,NULL,NULL
991,303320,RAW,NULL,NULL
310,303321,CMET,CMET,NULL
639,303322,PHOSPHATE,NULL,NULL
992,303340,RAW,NULL,NULL
640,303342,PHOSPHATE,NULL,NULL
2615,303471,CMET,CMET,NULL
994,303520,RAW,NULL,NULL
642,303522,PHOSPHATE,NULL,NULL
995,303540,RAW,NULL,NULL
643,303542,PHOSPHATE,NULL,NULL
996,303560,RAW,NULL,NULL
644,303562,PHOSPHATE,NULL,NULL
997,303570,RAW,NULL,NULL
645,303572,PHOSPHATE,NULL,NULL
998,303640,RAW,NULL,NULL
646,303642,PHOSPHATE,NULL,NULL
999,303650,RAW,NULL,NULL
647,303652,PHOSPHATE,NULL,NULL
1000,303940,RAW,NULL,NULL
311,303941,CMET,CMET,NULL
648,303942,PHOSPHATE,NULL,NULL
1001,303970,RAW,NULL,NULL
649,303972,PHOSPHATE,NULL,NULL
1002,303980,RAW,NULL,NULL
650,303982,PHOSPHATE,NULL,NULL
1003,304220,RAW,NULL,NULL
651,304222,PHOSPHATE,NULL,NULL
2877,304330,CBS,CBS,NULL
1004,304370,RAW,NULL,NULL
652,304372,PHOSPHATE,NULL,NULL
1005,304380,RAW,NULL,NULL
653,304382,PHOSPHATE,NULL,NULL
2717,304400,CBS,WHSE,NULL
2602,304410,RAW,NULL,DEF
312,304411,CMET,CMET,NULL
2613,304420,RAW,NULL,NULL
313,304421,CMET,CMET,NULL
2985,304430,RAW,NULL,NULL
2919,304440,CBS,NULL,DEF
993,304530,RAW,NULL,NULL
641,304532,PHOSPHATE,NULL,NULL
4091,304550,SFLOW-13,NULL,NULL
2721,304560,CBS,WHSE,NULL
2644,304570,CBS,WHSE,NULL
1006,304730,RAW,NULL,NULL
314,304731,CMET,CMET,NULL
654,304732,PHOSPHATE,NULL,NULL
676,304770,CMET,NULL,DEF
677,304786,TEST,NULL,NULL
2560,304820,RAW,NULL,NULL
661,304822,PHOSPHATE,FLOW-12,NULL
2559,304830,RAW,NULL,NULL
662,304832,PHOSPHATE,FLOW-14,NULL
673,304900,"COLD ROOM",NULL,DEF
3896,304930,CBS,NULL,NULL
3850,304980,CMET,NULL,DEF
3071,305010,RAW,NULL,NULL
3062,305011,CMET,NULL,NULL
3090,305012,PHOSPHATE,NULL,NULL
3095,305030,RAW,NULL,NULL
3079,305031,CMET,NULL,NULL
3097,305032,ALUMINUM,NULL,NULL
3073,305060,RAW,NULL,NULL
3072,305061,CMET,NULL,NULL
3092,305062,PHOSPHATE,NULL,NULL
4080,305750,"COLD ROOM",NULL,NULL
2916,306280,TUBE,NULL,NULL
2918,306290,CBS,NULL,NULL
3887,306440,RAW,NULL,NULL
3888,306441,CMET,NULL,NULL
1007,306510,RAW,WHSE,NULL
315,306511,CMET,CMET,NULL
655,306512,PHOSPHATE,NULL,NULL
2911,306540,TUBE,NULL,DEF
4002,306930,CBS,NULL,NULL
3889,307440,SFLOW-17,NULL,NULL
2917,309350,TUBE,NULL,NULL
3738,309401,CMET,CMET,NULL
2710,309430,TUBE,WHSE,NULL
2922,309440,CBS,NULL,NULL
734,309480,TUBE,NULL,NULL
1179,309510,JRNL,WHSE,DEF
2914,309540,TUBE,NULL,NULL
2913,309570,TUBE,NULL,NULL
1008,309600,RAW,NULL,NULL
656,309602,PHOSPHATE,NULL,NULL
1009,309610,RAW,SVC,NULL
657,309612,PHOSPHATE,NULL,NULL
1010,309650,RAW,NULL,NULL
316,309651,CMET,CMET,NULL
658,309652,PHOSPHATE,NULL,NULL
1011,309660,RAW,NULL,NULL
317,309661,CMET,CMET,NULL
659,309662,PHOSPHATE,NULL,NULL
1012,309670,RAW,NULL,NULL
318,309671,CMET,CMET,NULL
660,309672,PHOSPHATE,NULL,NULL
319,309741,CMET,CMET,NULL
3980,309840,SFLOW-12,NULL,NULL
2887,400550,CBS,CBS,DEF
2885,400600,CBS,CBS,DEF
2982,400621,CMET,CMET,NULL
2664,400890,FELT,WHSE,NULL
2769,401030,CBS,WHSE,NULL
2658,401040,CBS,NULL,NULL
2874,401210,TUBE,CBS,NULL
2931,401230,SWAGE,NULL,NULL
1565,500160,COMPLETION,FG,NULL
1567,500170,COMPLETION,FG,NULL
1569,500180,COMPLETION,FG,NULL
1571,500190,COMPLETION,FG,NULL
1429,500210,JRNL,CMET,NULL
1573,500240,COMPLETION,FG,NULL
1575,500370,COMPLETION,FG,NULL
3164,500390,COMPLETION,SVC,NULL
3165,500400,COMPLETION,SVC,NULL
1577,500410,COMPLETION,FG,NULL
1579,500430,COMPLETION,SVC,NULL
1581,500440,COMPLETION,SVC,NULL
1583,500520,COMPLETION,SVC,NULL
3116,500540,ALUMINUM,NULL,NULL
320,500541,CMET,CMET,NULL
663,500542,A-FLOW,NULL,NULL
3115,500547,ALUMINUM,NULL,NULL
1585,500650,COMPLETION,SVC,NULL
1587,500680,COMPLETION,SVC,NULL
2833,500760,EXPANSION,ASSY,NULL
2834,500770,EXPANSION,ASSY,NULL
2706,503870,EXPANSION,WHSE,NULL
321,506491,CMET,CMET,NULL
2909,508760,TUBE,CBS,NULL
1285,600000,SLIT,WHSE,NULL
2097,600004,COMPLETION,FG,NULL
2098,600030,COMPLETION,FG,NULL
2099,600040,COMPLETION,FG,NULL
1286,600120,SLIT,WHSE,NULL
2103,600124,COMPLETION,FG,NULL
1287,600130,SLIT,WHSE,NULL
2104,600134,COMPLETION,FG,NULL
2107,600324,COMPLETION,SVC,NULL
2108,600344,COMPLETION,SVC,NULL
2109,600404,COMPLETION,SVC,NULL
1288,600440,SLIT,WHSE,NULL
2111,600444,COMPLETION,FG,NULL
2112,600464,COMPLETION,SVC,NULL
2113,600494,COMPLETION,SVC,NULL
2115,600590,COMPLETION,FG,NULL
1227,600610,SLIT,NULL,NULL
2116,600614,COMPLETION,TOY,NULL
2117,600624,COMPLETION,SVC,NULL
2118,600630,COMPLETION,FG,NULL
1522,600680,COMPLETION,FG,NULL
2119,600684,COMPLETION,FG,NULL
1289,600690,SLIT,WHSE,NULL
2120,600694,COMPLETION,FG,NULL
2121,600764,COMPLETION,SVC,NULL
1290,600780,SLIT,WHSE,NULL
2122,600784,COMPLETION,FG,NULL
1291,600810,SLIT,WHSE,NULL
2123,600814,COMPLETION,FG,NULL
1598,600830,COMPLETION,FG,NULL
2921,600860,CBS,NULL,NULL
1292,600880,SLIT,NULL,NULL
1600,600884,COMPLETION,FG,NULL
2743,600890,CBS,WHSE,NULL
2790,600980,TUBE,WHSE,NULL
1269,600990,LN11,NULL,NULL
1293,601000,SLIT,NULL,NULL
1602,601004,COMPLETION,FG,NULL
1294,601010,SLIT,WHSE,NULL
1604,601014,COMPLETION,FG,NULL
1295,601110,SLIT,WHSE,NULL
1606,601114,COMPLETION,FG,NULL
1296,601120,SLIT,WHSE,NULL
1608,601124,COMPLETION,FG,NULL
1297,601130,SLIT,WHSE,NULL
2450,601134,COMPLETION,FG,NULL
1611,601140,COMPLETION,FG,NULL
1613,601150,COMPLETION,FG,NULL
1615,601180,COMPLETION,FG,NULL
1566,601190,SORT,FG,NULL
1298,601210,SLIT,NULL,NULL
1568,601214,COMPLETION,FG,NULL
1299,601220,SLIT,NULL,NULL
1570,601224,COMPLETION,FG,NULL
1174,601230,SLIT,FG,NULL
1572,601234,COMPLETION,TOY,NULL
2137,601244,COMPLETION,FG,NULL
1574,601300,COMPLETION,FG,NULL
1576,601310,COMPLETION,FG,NULL
2920,601360,CBS,CBS,NULL
2761,601380,TUBE,WHSE,NULL
2915,605390,WIP,NULL,NULL
2929,607760,CBS,CBS,NULL
3172,625260,COMPLETION,FG,NULL
2851,625264,COMPLETION,SVC,NULL
3500,680050,SLIT,NULL,NULL
2146,680054,COMPLETION,FG,NULL
1461,800030,PWIP,PAINT,NULL
2451,800035,JRNL,ASSY,NULL
1270,800080,JRNL,WHSE,NULL
1271,800240,JRNL,WHSE,NULL
1538,800340,COMPLETION,FG,NULL
3417,800520,PWIP,NULL,NULL
2147,800525,COMPLETION,SVC,NULL
1462,800580,PWIP,PAINT,NULL
1580,800585,COMPLETION,FG,NULL
1540,800670,JRNL,WHSE,NULL
3419,800770,PWIP,NULL,NULL
2854,800775,COMPLETION,SVC,NULL
3420,800870,PWIP,NULL,NULL
3421,800875,COMPLETION,SVC,NULL
1264,800890,SWAGE,WHSE,NULL
1582,800893,COMPLETION,FG,NULL
2150,800903,COMPLETION,SVC,NULL
3438,800950,PWIP,NULL,NULL
2155,800955,COMPLETION,SVC,NULL
3439,800960,PWIP,NULL,NULL
2156,800965,COMPLETION,SVC,NULL
1272,801020,JRNL,WHSE,NULL
3173,801130,COMPLETION,FG,NULL
4059,801205,SORT,NULL,NULL
4062,801205,COMPLETION,FG,NULL
3462,801240,PWIP,NULL,NULL
1187,801250,SWAGE,NULL,NULL
1584,801253,COMPLETION,SVC,NULL
1188,801260,SWAGE,WHSE,NULL
1586,801263,COMPLETION,FG,NULL
1266,801280,SWAGE,WHSE,NULL
1589,801283,COMPLETION,FG,NULL
1590,801300,COMPLETION,FG,NULL
1463,801330,PWIP,PAINT,NULL
1591,801335,COMPLETION,FG,NULL
1464,801340,PWIP,PAINT,NULL
1592,801345,COMPLETION,FG,NULL
2166,801374,COMPLETION,SVC,NULL
1273,801440,JRNL,NULL,NULL
1274,801500,JRNL,WHSE,NULL
1275,801510,JRNL,NULL,NULL
3502,801580,JRNL,WHSE,NULL
3506,801590,JRNL,WHSE,NULL
1301,801600,SLIT,WHSE,NULL
1593,801604,COMPLETION,FG,NULL
1190,801630,JRNL,NULL,NULL
2168,801710,COMPLETION,SVC,NULL
1276,801740,JRNL,WHSE,NULL
1191,801750,SWAGE,WHSE,NULL
3507,801753,JRNL,WHSE,NULL
4058,801775,SORT,NULL,NULL
4061,801775,COMPLETION,FG,NULL
1277,801780,JRNL,WHSE,NULL
1278,801880,JRNL,WHSE,NULL
3422,802000,PWIP,NULL,NULL
2170,802005,COMPLETION,SVC,NULL
1465,802020,PWIP,PAINT,NULL
2452,802025,JRNL,WHSE,NULL
3509,802070,SLIT,NULL,NULL
2171,802074,COMPLETION,FG,NULL
3460,802120,PWIP,NULL,NULL
2173,802125,COMPLETION,SVC,NULL
3461,802130,PWIP,NULL,NULL
2174,802135,COMPLETION,SVC,NULL
2175,802145,COMPLETION,SVC,NULL
3463,802150,PWIP,NULL,NULL
2176,802155,COMPLETION,SVC,NULL
3464,802160,PWIP,NULL,NULL
2177,802165,COMPLETION,SVC,NULL
3511,802190,SLIT,NULL,NULL
2178,802194,COMPLETION,FG,NULL
2893,802200,SLIT,NULL,NULL
3514,802220,SLIT,NULL,NULL
1192,802400,SWAGE,WHSE,NULL
1594,802403,COMPLETION,FG,NULL
1193,802410,SWAGE,WHSE,NULL
1595,802413,COMPLETION,FG,NULL
1279,802420,JRNL,WHSE,NULL
1280,802440,JRNL,WHSE,NULL
1194,802500,SWAGE,WHSE,NULL
1281,802510,JRNL,WHSE,NULL
1195,802550,SWAGE,WHSE,NULL
1196,802560,SWAGE,WHSE,NULL
2831,802610,PWIP,NULL,NULL
2832,802615,FELT,NULL,NULL
1282,802640,JRNL,WHSE,NULL
1133,802670,PWIP,PAINT,NULL
1158,802670,WIP,NULL,NULL
2453,802675,EXPANSION,WIP,NULL
1283,802710,JRNL,WHSE,NULL
1197,802720,SWAGE,NULL,NULL
2614,802723,PWIP,NULL,NULL
1596,802725,SORT,NULL,NULL
3804,802725,COMPLETION,FG,NULL
1134,802730,PWIP,NULL,NULL
1597,802735,COMPLETION,FG,NULL
1544,802750,COMPLETION,FG,NULL
1284,802770,JRNL,WHSE,NULL
1314,802860,JRNL,WHSE,NULL
1315,802890,JRNL,WHSE,NULL
1198,802910,SWAGE,WHSE,NULL
1263,802930,JRNL,NULL,NULL
1546,802940,JRNL,WHSE,NULL
1316,802980,JRNL,WHSE,NULL
1200,802990,SWAGE,WHSE,NULL
1317,803030,JRNL,NULL,NULL
1548,803100,COMPLETION,FG,NULL
1318,803160,JRNL,NULL,NULL
1319,803170,JRNL,WHSE,NULL
1550,803220,COMPLETION,COMPLETION,NULL
1603,803224,COMPLETION,FG,NULL
1552,803230,COMPLETION,COMPLETION,NULL
1605,803234,COMPLETION,FG,NULL
1201,803240,SWAGE,NULL,NULL
2623,803243,PWIP,FG,NULL
1607,803245,COMPLETION,FG,NULL
1320,803250,JRNL,WHSE,NULL
1302,803270,SLIT,NULL,NULL
1609,803274,COMPLETION,FG,NULL
1468,803280,PWIP,NULL,NULL
1610,803285,COMPLETION,SVC,NULL
1202,803290,SWAGE,NULL,NULL
3423,803293,PWIP,NULL,NULL
1022,803295,SORT,NULL,NULL
1469,803300,PWIP,NULL,NULL
1614,803305,COMPLETION,FG,NULL
2192,803314,COMPLETION,SVC,NULL
2759,803330,JRNL,NULL,NULL
1554,803360,PWIP,NULL,NULL
1616,803365,COMPLETION,FG,NULL
1321,803370,JRNL,WHSE,NULL
1322,803380,JRNL,WHSE,NULL
1323,803390,JRNL,NULL,NULL
1098,803400,SWAGE,NULL,NULL
1023,803403,SORT,FG,NULL
1470,803410,PWIP,NULL,NULL
1796,803415,COMPLETION,FG,NULL
1471,803420,PWIP,NULL,NULL
2454,803425,JRNL,NULL,NULL
3177,803494,COMPLETION,FG,NULL
1556,803500,PWIP,NULL,NULL
1798,803505,COMPLETION,WHSE,NULL
1160,803530,WIP,NULL,NULL
1136,803530,PWIP,NULL,NULL
1024,803535,SORT,TOY,NULL
1473,803540,PWIP,NULL,NULL
2455,803545,FELT,NULL,NULL
1474,803550,PWIP,NULL,NULL
2456,803555,FELT,NULL,NULL
1475,803560,PWIP,NULL,NULL
2457,803565,FELT,NULL,NULL
1476,803570,PWIP,NULL,NULL
2458,803575,FELT,NULL,NULL
1477,803580,PWIP,NULL,NULL
2459,803585,FELT,NULL,NULL
1478,803590,PWIP,NULL,NULL
2460,803595,FELT,NULL,NULL
1557,803610,COMPLETION,WHSE,NULL
1558,803620,COMPLETION,SVC,NULL
1204,803640,SWAGE,WHSE,NULL
1804,803643,COMPLETION,FG,NULL
1205,803650,SWAGE,NULL,NULL
1806,803653,COMPLETION,FG,NULL
1479,803660,PWIP,NULL,NULL
1808,803663,COMPLETION,FG,NULL
2650,803665,SWAGE,WIP,NULL
1480,803670,PWIP,NULL,NULL
1810,803673,COMPLETION,FG,NULL
3622,803675,SWAGE,WIP,NULL
1206,803680,SWAGE,NULL,NULL
1812,803683,COMPLETION,FG,NULL
1207,803710,SWAGE,NULL,NULL
3424,803713,SWAGE,NULL,NULL
4068,803715,COMPLETION,FG,NULL
4067,803715,SORT,NULL,NULL
1481,803720,PWIP,NULL,NULL
1816,803725,COMPLETION,FG,NULL
1324,803750,JRNL,NULL,NULL
1325,803760,JRNL,WHSE,NULL
1326,803770,PLAS,NULL,NULL
3446,803771,PLAS,NULL,NULL
1559,803790,JRNL,NULL,NULL
1560,803820,"RECEIVING DOCK",NULL,NULL
1482,803840,PWIP,WHSE,NULL
1483,803850,PWIP,WHSE,NULL
1484,803860,PWIP,WHSE,NULL
1485,803870,PWIP,WHSE,NULL
1486,803880,PWIP,NULL,NULL
1148,803900,PWIP,NULL,NULL
1488,803900,WIP,NULL,NULL
1818,803905,SORT,TOY,NULL
2206,803905,COMPLETION,SVC,NULL
1161,803910,WIP,NULL,NULL
1137,803910,PWIP,NULL,NULL
1025,803915,SORT,FG,NULL
3443,803915,COMPLETION,NULL,NULL
1490,803920,PWIP,WHSE,NULL
2467,803925,FELT,NULL,NULL
1113,803930,PWIP,NULL,NULL
1124,803935,FELT,WHSE,NULL
1164,803935,WIP,NULL,NULL
1492,803940,PWIP,NULL,NULL
2469,803945,FELT,NULL,NULL
1168,803950,WIP,NULL,NULL
1132,803950,PWIP,NULL,NULL
1135,803955,FELT,NULL,NULL
1169,803955,WIP,NULL,NULL
1208,803970,SWAGE,ASSY,NULL
1822,803973,COMPLETION,FG,NULL
1210,803980,SWAGE,NULL,NULL
1824,803983,COMPLETION,FG,NULL
2440,803990,JRNL,WHSE,NULL
1327,804000,JRNL,NULL,NULL
1328,804010,JRNL,WHSE,NULL
1329,804020,JRNL,ASSY,NULL
1330,804030,JRNL,WHSE,NULL
1331,804040,JRNL,WHSE,NULL
1494,804070,PWIP,NULL,NULL
3041,804075,WIP,NULL,NULL
2471,804075,FELT,NULL,NULL
3440,804075,PWIP,NULL,NULL
1332,804110,JRNL,NULL,NULL
1147,804130,WIP,NULL,NULL
1116,804130,PWIP,NULL,NULL
1826,804135,COMPLETION,FG,NULL
1209,804140,SWAGE,NULL,NULL
1102,804150,SWAGE,NULL,NULL
1162,804160,WIP,NULL,NULL
1143,804160,PWIP,NULL,NULL
2473,804165,JRNL,NULL,NULL
1561,804170,COMPLETION,FG,NULL
1497,804180,PWIP,PAINT,NULL
2472,804185,JRNL,ASSY,NULL
1333,804190,JRNL,WHSE,NULL
1303,804220,SLIT,WHSE,NULL
1830,804224,COMPLETION,FG,NULL
1334,804250,JRNL,WHSE,NULL
1335,804260,JRNL,WHSE,NULL
1336,804280,JRNL,WHSE,NULL
1337,804290,JRNL,NULL,NULL
1211,804300,SWAGE,WHSE,NULL
1304,804310,SLIT,NULL,NULL
1832,804314,COMPLETION,FG,NULL
1212,804320,SWAGE,NULL,NULL
1834,804323,COMPLETION,FG,NULL
3604,804360,EXPANSION,WHSE,NULL
1498,804370,PWIP,NULL,NULL
1163,804375,WIP,NULL,NULL
1120,804375,FELT,NULL,NULL
1305,804380,SLIT,NULL,NULL
1836,804386,COMPLETION,FG,NULL
1338,804410,PLAS,NULL,NULL
3475,804411,PLAS,NULL,NULL
1339,804420,JRNL,WHSE,NULL
1340,804430,PLAS,NULL,NULL
3478,804431,PLAS,NULL,NULL
1341,804440,PLAS,NULL,NULL
3479,804441,PLAS,NULL,NULL
1154,804510,WIP,NULL,NULL
1125,804510,PWIP,NULL,NULL
3040,804515,WIP,NULL,NULL
1121,804515,FELT,WIP,NULL
1500,804520,PWIP,NULL,NULL
4060,804525,SORT,NULL,NULL
4063,804525,COMPLETION,FG,NULL
1306,804540,SLIT,NULL,NULL
1842,804544,COMPLETION,FG,NULL
2828,804550,JRNL,WHSE,NULL
1342,804560,PLAS,WHSE,NULL
3603,804561,PLAS,NULL,NULL
3042,804575,FELT,NULL,NULL
3043,804575,WIP,NULL,NULL
1343,804580,PWIP,WHSE,NULL
1213,804630,SWAGE,WHSE,NULL
1844,804633,COMPLETION,FG,NULL
1307,804640,SLIT,NULL,NULL
1846,804646,COMPLETION,FG,NULL
1344,804700,JRNL,WHSE,NULL
1345,804710,JRNL,WHSE,NULL
1346,804720,JRNL,WHSE,NULL
1347,804730,JRNL,WHSE,NULL
1348,804740,JRNL,WHSE,NULL
1349,804750,JRNL,WHSE,NULL
1214,804760,JRNL,WHSE,NULL
1215,804770,JRNL,WHSE,NULL
1350,804780,JRNL,WHSE,NULL
1351,804800,JRNL,WHSE,NULL
1176,804810,JRNL,WHSE,NULL
1216,804830,SWAGE,WHSE,NULL
1217,804840,JRNL,WHSE,NULL
1218,804850,SWAGE,NULL,NULL
3425,804853,PWIP,NULL,NULL
1847,804855,COMPLETION,FG,NULL
1501,804860,PWIP,NULL,NULL
1849,804865,COMPLETION,FG,NULL
1353,804870,JRNL,WHSE,NULL
1851,804884,COMPLETION,SVC,NULL
1354,804910,JRNL,WHSE,NULL
1219,804920,JRNL,WHSE,NULL
1308,804930,SLIT,NULL,NULL
1853,804934,COMPLETION,FG,NULL
1795,804944,COMPLETION,FG,NULL
1523,804960,COMPLETION,"APPLIED ZONE",NULL
1525,804980,COMPLETION,FG,NULL
1527,804990,COMPLETION,FG,NULL
1220,805000,SWAGE,WIP,NULL
1221,805010,SWAGE,WHSE,NULL
1222,805020,SWAGE,WIP,NULL
1123,805050,PWIP,NULL,NULL
1153,805050,WIP,NULL,NULL
2827,805055,JRNL,WHSE,NULL
1223,805060,SWAGE,WHSE,NULL
1355,805080,JRNL,WHSE,NULL
1356,805090,JRNL,WHSE,NULL
1502,805110,PWIP,NULL,NULL
1503,805120,PWIP,NULL,NULL
1504,805130,PWIP,NULL,NULL
1505,805140,PWIP,NULL,NULL
1506,805150,PWIP,NULL,NULL
1507,805160,PWIP,NULL,NULL
1531,805170,COMPLETION,FG,NULL
1357,805210,JRNL,WIP,NULL
1358,805220,JRNL,WHSE,NULL
2441,805250,JRNL,WHSE,NULL
1224,805260,SWAGE,NULL,NULL
1225,805270,SWAGE,WHSE,NULL
1359,805280,JRNL,WHSE,NULL
1360,805290,JRNL,WHSE,NULL
1508,805310,PWIP,NULL,NULL
1138,805315,JRNL,NULL,NULL
1509,805320,PWIP,PAINT,NULL
1805,805325,COMPLETION,FG,NULL
1361,805330,JRNL,WHSE,NULL
1226,805340,SWAGE,WHSE,NULL
1228,805350,SWAGE,WHSE,NULL
2442,805360,JRNL,ASSY,NULL
1229,805370,SWAGE,ASSY,NULL
1811,805373,COMPLETION,FG,NULL
1231,805440,SWAGE,WHSE,NULL
3527,805480,JRNL,NULL,NULL
1364,805490,JRNL,WHSE,NULL
2443,805520,DGS,NULL,NULL
3048,805530,DGS,NULL,NULL
3049,805540,DGS,NULL,NULL
1232,805550,SWAGE,NULL,NULL
3444,805553,JRNL,NULL,NULL
1533,805580,COMPLETION,FG,NULL
1177,805590,JRNL,WHSE,NULL
1235,805620,SWAGE,NULL,NULL
1815,805623,COMPLETION,SVC,NULL
1237,805630,SWAGE,NULL,NULL
1817,805633,COMPLETION,FG-805633,NULL
1366,805650,PLAS,NULL,NULL
1262,805660,SWAGE,NULL,NULL
1027,805663,COMPLETION,FG-805663,NULL
1368,805700,JRNL,WHSE,NULL
1240,805730,SWAGE,NULL,NULL
1173,805740,SLIT,NULL,NULL
1821,805744,COMPLETION,FG,NULL
1535,805750,COMPLETION,"APPLIED ZONE",NULL
3441,805755,PWIP,NULL,NULL
2675,805755,PWIP,NULL,NULL
1369,805770,PLAS,NULL,NULL
1370,805780,PLAS,WHSE,NULL
1537,805790,COMPLETION,"APPLIED ZONE",NULL
1823,805795,COMPLETION,FG,NULL
1510,805800,PWIP,NULL,NULL
1241,805820,SWAGE,NULL,NULL
1178,805820,JRNL,ASSY,NULL
1180,805830,JRNL,NULL,NULL
1242,805840,SWAGE,NULL,NULL
1028,805843,SORT,FG-805843,NULL
1234,805900,SLIT,FG,NULL
3530,805904,COMPLETION,FG,NULL
1827,805906,COMPLETION,FG,NULL
1104,805910,SWAGE,NULL,NULL
1372,805910,JRNL,NULL,NULL
1105,805930,JRNL,NULL,NULL
1243,805940,PWIP,NULL,NULL
1512,805950,PWIP,WHSE,NULL
1244,805960,SWAGE,ASSY,NULL
3469,805963,JRNL,NULL,NULL
1245,805970,SWAGE,NULL,NULL
3468,805973,JRNL,NULL,NULL
2444,806000,JRNL,NULL,NULL
1375,806010,PLAS,NULL,NULL
3447,806011,PLAS,NULL,NULL
1376,806020,PLAS,NULL,NULL
3445,806021,PLAS,NULL,NULL
1377,806030,PLAS,NULL,NULL
3448,806031,PLAS,NULL,NULL
1378,806040,PLAS,NULL,NULL
3449,806041,PLAS,NULL,NULL
1379,806050,PLAS,NULL,NULL
3450,806051,PLAS,NULL,NULL
1380,806060,PLAS,NULL,NULL
2912,806061,PLAS,NULL,NULL
1246,806070,SWAGE,NULL,NULL
1247,806080,SWAGE,NULL,NULL
2826,806090,SWAGE,WHSE,NULL
3399,806093,COMPLETION,FG,NULL
1539,806100,COMPLETION,FG,NULL
1381,806110,JRNL,NULL,NULL
1382,806120,JRNL,NULL,NULL
1236,806140,SLIT,NULL,NULL
3609,806144,COMPLETION,FG,NULL
1835,806146,COMPLETION,FG,NULL
1312,806160,SLIT,NULL,NULL
1837,806166,COMPLETION,FG,NULL
1383,806170,JRNL,WHSE,NULL
1384,806190,JRNL,WHSE,NULL
1385,806200,JRNL,WHSE,NULL
2445,806210,JRNL,WHSE,NULL
1112,806225,WIP,NULL,NULL
712,806230,PLAS,WHSE,NULL
1513,806240,PWIP,NULL,NULL
2488,806245,JRNL,NULL,NULL
3979,806265,SFLOW-16,NULL,NULL
3978,806265,BFLOOR,NULL,NULL
1238,806290,SLIT,NULL,NULL
2238,806294,COMPLETION,WIP,NULL
1029,806296,COMPLETION,FG,NULL
3229,806316,COMPLETION,FG,NULL
1387,806320,SWAGE,NULL,NULL
1248,806330,SWAGE,NULL,NULL
1841,806333,SORT,FG,NULL
2239,806333,COMPLETION,SVC,NULL
1249,806340,SWAGE,NULL,NULL
1030,806343,SORT,FG,NULL
1015,806380,SFLOW-23,NULL,NULL
3926,806380,SWAGE,NULL,NULL
3934,806380,SFLOW-14,NULL,NULL
1032,806385,SORT,FG,NULL
3411,806385,COMPLETION,NULL,NULL
3929,806390,SWAGE,NULL,NULL
1251,806390,SFLOW-21,NULL,NULL
3451,806393,PWIP,NULL,NULL
1034,806395,SORT,TOY,NULL
3413,806395,COMPLETION,TOY,NULL
1848,806403,COMPLETION,FG,NULL
1850,806413,COMPLETION,FG,NULL
1852,806423,COMPLETION,FG,NULL
1035,806440,SORT,TOY,DEF
2013,806445,COMPLETION,FG,NULL
1099,806450,SWAGE,NULL,NULL
2620,806453,PWIP,NULL,NULL
1037,806455,SORT,TOY,DEF
1130,806460,SWAGE,NULL,NULL
1145,806463,WIP,NULL,NULL
1114,806463,PWIP,NULL,NULL
1036,806465,SORT,TOY,DEF
1389,806470,JRNL,WHSE,NULL
2685,806490,SWAGE,NULL,NULL
1097,806500,WIP,NULL,NULL
1390,806500,JRNL,NULL,NULL
1095,806510,SWAGE,NULL,NULL
1038,806513,COMPLETION,FG,NULL
1515,806530,PWIP,NULL,NULL
1039,806535,WIP,NULL,NULL
2843,806536,COMPLETION,FG,NULL
2600,806570,SWAGE,NULL,NULL
2986,806573,"RECEIVING DOCK",NULL,NULL
1040,806576,COMPLETION,FG,NULL
1041,806580,COMPLETION,FG,NULL
3131,806600,SWAGE,NULL,NULL
2988,806603,SORT,TOY,NULL
3132,806603,COMPLETION,NULL,NULL
1415,806610,LN11,NULL,NULL
1416,806620,LN11,NULL,NULL
1042,806640,SORT,TOY,DEF
3864,806650,SWAGE,NULL,NULL
1118,806653,PWIP,NULL,NULL
1149,806653,WIP,NULL,NULL
1043,806655,SORT,TOY,NULL
3865,806660,SWAGE,NULL,NULL
2604,806660,SFLOW-7,NULL,NULL
1131,806663,PWIP,NULL,NULL
1157,806663,WIP,NULL,NULL
1044,806665,SORT,TOY,NULL
2446,806720,SFLOW-15,NULL,NULL
3927,806720,SWAGE,NULL,NULL
3867,806730,SWAGE,NULL,NULL
3146,806740,SFLOW-6,NULL,NULL
3904,806740,SWAGE,NULL,NULL
3147,806740,SFLOW-10,NULL,NULL
3053,806745,SORT,TOY,NULL
1045,806750,COMPLETION,FG,NULL
3846,806770,SFLOW-8,NULL,NULL
3932,806770,SWAGE,NULL,NULL
737,806770,SFLOW-4,NULL,NULL
3129,806780,PWIP,NULL,NULL
3058,806785,SORT,TOY,NULL
3130,806790,PWIP,NULL,NULL
3059,806795,SORT,TOY,NULL
1107,806810,SWAGE,NULL,NULL
1046,806815,SORT,FG,NULL
3925,806820,SWAGE,NULL,NULL
1101,806820,SFLOW-9,NULL,NULL
1047,806825,SORT,FG,NULL
3933,806830,SWAGE,NULL,NULL
1014,806830,SFLOW-3,NULL,NULL
1048,806835,SORT,FG,NULL
3138,806840,PWIP,NULL,NULL
3054,806845,SORT,TOY,NULL
3084,806850,PWIP,NULL,NULL
3470,806855,JRNL,NULL,NULL
3098,806855,WIP,NULL,NULL
3930,806870,SWAGE,NULL,NULL
1094,806870,SFLOW-22,NULL,NULL
1146,806873,PWIP,NULL,NULL
4021,806873,WIP,NULL,NULL
1049,806875,SORT,TOY,NULL
3866,806880,SWAGE,NULL,NULL
1109,806880,SFLOW-11,NULL,NULL
1155,806883,WIP,NULL,NULL
1128,806883,PWIP,NULL,NULL
1050,806885,SORT,TOY,NULL
3088,806910,PWIP,NULL,NULL
3099,806915,JRNL,NULL,NULL
3919,806960,SLIT,NULL,NULL
3920,806964,COMPLETION,NULL,NULL
4001,806980,SFLOW-2,NULL,NULL
4090,806980,SFLOW-18,NULL,NULL
3997,806985,SORT,TOY,NULL
3070,807010,PWIP,NULL,NULL
3060,807015,SORT,TOY,NULL
3050,807020,SORT,NULL,NULL
4004,807020,DGS,NULL,NULL
3051,807030,DGS,NULL,NULL
3052,807040,DGS,NULL,NULL
3899,807060,SLIT,NULL,NULL
3900,807064,COMPLETION,WIP,NULL
3898,807066,COMPLETION,SORT,NULL
3990,807210,DGS,NULL,NULL
3991,807210,SWAGE,NULL,NULL
3993,807220,DGS,NULL,NULL
4024,807220,SWAGE,NULL,NULL
3994,807230,"HOT ROOM",NULL,NULL
3995,807230,SWAGE,NULL,NULL
1258,807390,SWAGE,NULL,NULL
1419,807490,JRNL,NULL,NULL
1420,807500,EXPANSION,NULL,NULL
1516,807540,PWIP,NULL,NULL
1119,807545,COMPLETION,WIP,NULL
1421,807580,COMPLETION,FG,NULL
1122,807670,PWIP,NULL,NULL
1140,807675,FELT,NULL,NULL
1171,807675,WIP,NULL,NULL
1518,807680,PWIP,NULL,NULL
1172,807685,WIP,NULL,NULL
1141,807685,FELT,NULL,NULL
1519,807690,PWIP,NULL,NULL
1170,807695,WIP,NULL,NULL
1139,807695,FELT,NULL,NULL
1520,807700,PWIP,NULL,NULL
1126,807705,FELT,NULL,NULL
1165,807705,WIP,NULL,NULL
728,807710,PLAS,NULL,NULL
1392,807710,JRNL,NULL,NULL
1393,807720,PLAS,NULL,NULL
1394,807760,LN11,NULL,NULL
713,807770,LN11,NULL,NULL
4003,807866,JRNL,NULL,NULL
2448,807870,EXPANSION,ASSY,NULL
1017,807890,SFLOW-19,NULL,NULL
2575,807890,SWAGE,NULL,NULL
1051,807895,"RECEIVING DOCK",SORT,NULL
3928,808360,SFLOW-20,NULL,NULL
4022,808360,SWAGE,NULL,NULL
3843,808360,SFLOW-16,NULL,NULL
3987,808440,SWAGE,NULL,NULL
3988,808450,SWAGE,NULL,NULL
1186,808760,JRNL,NULL,NULL
3931,808770,SWAGE,NULL,NULL
3863,808770,SFLOW-24,NULL,NULL
837,814840,EXPANSION,ASSY,NULL
485,814842,PHOSPHATE,NULL,NULL
1259,815390,SWAGE,NULL,NULL
1397,819500,JRNL,WHSE,NULL
1398,819520,COMPLETION,ASSY,NULL
1399,819530,JRNL,NULL,NULL
1400,819700,JRNL,NULL,NULL
1401,819710,JRNL,WHSE,NULL
1402,819720,JRNL,WHSE,NULL
1403,819730,JRNL,WHSE,NULL
1175,819800,JRNL,NULL,NULL
3627,819860,JRNL,WHSE,NULL
1405,819870,JRNL,WHSE,NULL
1406,819880,JRNL,WHSE,NULL
1407,819900,JRNL,WHSE,NULL
1408,819930,JRNL,WHSE,NULL
1409,819960,JRNL,NULL,NULL
1181,819970,JRNL,WHSE,NULL
1422,819990,JRNL,NULL,NULL
1052,820010,COMPLETION,FG,NULL
1521,820020,PWIP,"EXPANSION OUT",NULL
1111,820025,WIP,ASSY,NULL
2491,820025,JRNL,NULL,NULL
2597,820030,EXPANSION,ASSY,NULL
1053,820033,COLD,NULL,NULL
2842,820036,COMPLETION,FG,NULL
1553,820120,SORT,FG,NULL
1184,820880,JRNL,WHSE,NULL
1260,850650,SWAGE,WHSE,NULL
1711,850653,COMPLETION,FG,NULL
3233,854293,COMPLETION,FG,NULL
1261,854500,SWAGE,NULL,NULL
1713,854503,COMPLETION,FG,NULL
1425,855640,JRNL,WHSE,NULL
1555,855820,JRNL,WHSE,NULL
1426,856270,JRNL,WHSE,NULL
1427,857400,JRNL,WHSE,NULL
1428,857570,JRNL,WHSE,NULL
1412,858640,JRNL,NULL,NULL
1110,858640,SWAGE,NULL,NULL
1413,858670,PLAS,NULL,NULL
3459,858671,PLAS,NULL,NULL
1414,858700,JRNL,WHSE,NULL
1715,900010,COMPLETION,SVC,NULL
1717,900060,COMPLETION,FG,NULL
1719,900230,COMPLETION,FG,NULL
1093,900770,SORT,TOY,NULL
1624,900835,COMPLETION,FG,NULL
1691,900870,COMPLETION,FG,NULL
3389,900880,COMPLETION,FG,NULL
1698,901030,COMPLETION,FG,NULL
1699,901080,COMPLETION,FG,NULL
4044,901530,SORT,NULL,NULL
4045,901530,COMPLETION,FG,NULL
2293,901540,SORT,NULL,NULL
3542,901540,COMPLETION,NULL,NULL
4071,901800,COMPLETION,NULL,NULL
4070,901800,SORT,NULL,NULL
1854,901840,COMPLETION,SVC,NULL
1855,901850,COMPLETION,SVC,NULL
1856,901860,COMPLETION,SVC,NULL
1858,901880,COMPLETION,FG,NULL
1859,901890,COMPLETION,FG,NULL
1875,901990,COMPLETION,FG,NULL
1879,902010,SORT,FG,NULL
1881,902020,SORT,TOY,NULL
1883,902030,SORT,FG,NULL
1885,902040,SORT,FG,NULL
1887,902050,SORT,TOY,NULL
1889,902060,SORT,FG,NULL
1054,902085,SORT,SORT,NULL
1891,902090,COMPLETION,TOY,NULL
1893,902100,SORT,FG,NULL
1905,902270,COMPLETION,FG,NULL
2327,902280,COMPLETION,SVC,NULL
1907,902280,SORT,TOY,NULL
1909,902290,SORT,TOY,NULL
2328,902290,COMPLETION,SVC,NULL
2540,902320,COMPLETION,FG,NULL
2505,902360,COMPLETION,FG,NULL
1055,902400,COMPLETION,TOY,NULL
1860,902450,COMPLETION,FG,NULL
1862,902490,COMPLETION,FG,NULL
1127,902610,PWIP,NULL,NULL
1166,902610,WIP,NULL,NULL
1167,902615,WIP,NULL,NULL
1129,902615,FELT,NULL,NULL
1874,902616,COMPLETION,TOY,NULL
1876,902620,COMPLETION,FG,NULL
1878,902635,COMPLETION,FG,NULL
1880,902645,COMPLETION,FG,NULL
1882,902660,COMPLETION,FG,NULL
1888,902690,COMPLETION,FG,NULL
1892,902715,COMPLETION,FG,NULL
3329,902745,COMPLETION,FG,NULL
2348,902780,SORT,NULL,NULL
3625,902780,COMPLETION,NULL,NULL
1060,902800,COMPLETION,FG,NULL
1904,902810,COMPLETION,FG,NULL
1908,902830,COMPLETION,FG,NULL
2357,902885,COMPLETION,FG,NULL
2360,902940,COMPLETION,SVC,NULL
1061,903080,SORT,FG,NULL
3545,903080,COMPLETION,SVC,NULL
1741,903110,COMPLETION,FG,NULL
1743,903120,COMPLETION,FG,NULL
1745,903130,COMPLETION,FG,NULL
1747,903140,COMPLETION,FG,NULL
1749,903150,COMPLETION,FG,NULL
1751,903160,COMPLETION,FG,NULL
3295,903200,COMPLETION,FG,NULL
2375,903260,COMPLETION,FG,NULL
2376,903270,COMPLETION,FG,NULL
1062,903290,SORT,SORT,NULL
4078,903300,COMPLETION,FG,NULL
4077,903300,SORT,NULL,NULL
1063,903310,SORT,FG,NULL
2378,903330,COMPLETION,SVC,NULL
741,903340,COMPLETION,"BHWH ROW 2",NULL
1064,903350,SORT,FG,NULL
3038,903350,COMPLETION,SVC,NULL
2379,903360,COMPLETION,FG,NULL
1767,903440,COMPLETION,FG,NULL
3235,903590,COMPLETION,FG,NULL
1790,903640,COMPLETION,FG,NULL
1065,903710,COMPLETION,FG,NULL
1066,903720,COMPLETION,FG,NULL
3549,903740,COMPLETION,NULL,NULL
1067,903740,SORT,FG,NULL
1738,903750,COMPLETION,FG,NULL
1742,903800,COMPLETION,FG,NULL
1744,903940,COMPLETION,FG,NULL
1746,903950,COMPLETION,FG,NULL
2400,903960,COMPLETION,FG,NULL
3518,903983,JRNL,WHSE,NULL
1760,904200,COMPLETION,FG,NULL
1068,904245,COMPLETION,SORT,NULL
1774,904360,COMPLETION,FG,NULL
1776,904370,COMPLETION,FG,NULL
1069,904425,COMPLETION,FG,NULL
1071,904430,COMPLETION,FG,NULL
3239,904440,EXPANSION,"BHWH ROW 2",NULL
4031,904450,MRB,FG,NULL
4030,904450,EXPANSION,NULL,NULL
1072,904460,COMPLETION,FG,NULL
3055,904720,SORT,TOY,NULL
2418,904760,COMPLETION,SVC,NULL
2419,904770,COMPLETION,SVC,NULL
3261,904850,COMPLETION,FG,NULL
2014,904860,COMPLETION,FG,NULL
2015,904870,COMPLETION,FG,NULL
2422,904990,COMPLETION,FG,NULL
1074,905360,SORT,FG,NULL
1075,905390,COMPLETION,TOY,NULL
1076,905530,COMPLETION,"BHWH ROW 1",NULL
1912,905960,COMPLETION,FG,NULL
3490,906496,COMPLETION,NULL,NULL
749,906496,SORT,FG,NULL
2016,906540,COMPLETION,TOY,NULL
2429,906580,COMPLETION,FG,NULL
3832,906630,SORT,"BHWH ROW 1",NULL
4093,906850,COMPLETION,TOY,NULL
4092,906850,SORT,NULL,NULL
4047,906910,COMPLETION,TOY,NULL
1915,907390,COMPLETION,FG,NULL
1082,907670,COMPLETION,TOY,NULL
1083,907680,COMPLETION,TOY,NULL
1084,907690,COMPLETION,TOY,NULL
1085,907700,COMPLETION,TOY,NULL
3989,908440,PWIP,NULL,NULL
4000,908445,SORT,NULL,NULL
4043,908445,COMPLETION,TOY,NULL
3998,908455,COMPLETION,TOY,NULL
1088,908760,SORT,TOY,NULL
3223,908770,SORT,TOY,NULL
4081,909310,SORT,NULL,NULL
4082,909310,PWIP,NULL,NULL
4076,909315,COMPLETION,TOY,NULL
965,934270,COMPLETION,FG,NULL
613,934272,PHOSPHATE,NULL,NULL
1920,954060,COMPLETION,FG,NULL
1091,954070,SORT,SORT,NULL
1092,954080,SORT,FG,NULL
3022,BM111,IRM,NULL,NULL
3021,BM112,IRM,NULL,NULL
3020,BM113,IRM,NULL,NULL
3019,BM114,IRM,NULL,NULL
3018,BM115,IRM,NULL,NULL
3017,EB014,"IRM POLYMER",NULL,NULL
3016,EB026,"IRM POLYMER",NULL,NULL
3015,EC071,"IRM POLYMER",NULL,NULL
3014,EC140,"IRM POLYMER",NULL,NULL
3976,ED031,"IRM POLYMER",NULL,NULL
3860,PM116,"IRM POLYMER",NULL,NULL
3013,RF087,IRM,NULL,NULL
3023,RH012,"IRM CARBON",NULL,NULL
3854,RH090,"IRM CARBON",NULL,NULL
3012,RH351,"IRM CARBON",NULL,NULL
3011,RM017,IRM,NULL,NULL
3010,RN317,IRM,NULL,NULL
3009,RP078,IRM,NULL,NULL
3008,RS300,"HOT ROOM",NULL,NULL
3126,TA091,"HOT ROOM",NULL,NULL
3007,TA091,TA091,NULL,NULL
3006,TB046,"IRM POLYMER",NULL,NULL
3005,TE015,"IRM POLYMER",NULL,NULL
3143,TS027,"IRM POLYMER",NULL,NULL
3004,WE015,IRM,NULL,NULL
3003,WF012,IRM,NULL,NULL
3002,WF025,IRM,NULL,NULL
3001,WF057,IRM,NULL,NULL
3000,WF213,IRM,NULL,NULL
2999,WF239,IRM,NULL,NULL
2998,WH011,"IRM CARBON",NULL,NULL
2997,WH053,"IRM CARBON",NULL,NULL
2996,WL013,IRM,NULL,NULL
2995,WL022,ZINC,NULL,NULL
2994,WM026,IRM,NULL,NULL
2993,WM422,IRM,NULL,NULL
2992,WN031,IRM,NULL,NULL
2991,WN043,IRM,NULL,NULL
2990,WN375,IRM,NULL,NULL
2989,WS019,WS019,NULL,NULL
